predicted_labels,confidence
1,0.6538933543694971
2,0.6200291549714823
3,0.5471726624244128
4,0.5994405408421843
