predicted_labels,confidence
1,0.6283571635747185
2,0.6898652853020242
3,0.5819519181739983
4,0.7957997145972382
